codigo_antigo,codigo_novo,prefixo_bairro,origem_prefixo
CT-1140,301140,30,posição
CT-1152,221152,22,posição
CT-1164,191164,19,posição
CT-1176,191176,19,posição
CT-1187,301187,30,posição
CT-1201,191201,19,posição
CT-1207,191207,19,posição
CT-2100,302100,30,posição
CT-2101,142101,14,posição
CT-2102,142102,14,posição
CT-2103,132103,13,posição
CT-2104,132104,13,posição
CT-2105,132105,13,posição
CT-2106,302106,30,posição
CT-2107,132107,13,posição
CT-2108,132108,13,posição
CT-2109,132109,13,posição
CT-2110,132110,13,posição
CT-2111,382111,38,posição
CT-2112,382112,38,posição
CT-2113,302113,30,posição
CT-2114,302114,30,posição
CT-2115,192115,19,posição
CT-2116,302116,30,posição
CT-2117,302117,30,posição
CT-2118,132118,13,posição
CT-2119,332119,33,posição
CT-2120,222120,22,posição
CT-2121,252121,25,posição
CT-2122,252122,25,posição
CT-2123,222123,22,posição
CT-2124,332124,33,posição
CT-2125,302125,30,posição
CT-2126,132126,13,posição
CT-2127,302127,30,posição
CT-2128,302128,30,posição
CT-2129,192129,19,posição
CT-2130,302130,30,posição
CT-2131,132131,13,posição
CT-2132,132132,13,posição
CT-2133,382133,38,posição
CT-2134,272134,27,posição
CT-2135,132135,13,posição
CT-2136,132136,13,posição
CT-2137,132137,13,posição
CT-2138,132138,13,posição
CT-2139,302139,30,posição
CT-2140,302140,30,posição
CT-2141,302141,30,posição
CT-2142,302142,30,posição
CT-2143,272143,27,posição
CT-2144,302144,30,posição
CT-2145,302145,30,posição
CT-2146,162146,16,posição
CT-2147,302147,30,posição
CT-2148,302148,30,posição
CT-2149,302149,30,posição
CT-2150,302150,30,posição
CT-2151,222151,22,posição
CT-2152,272152,27,posição
CT-2153,302153,30,posição
CT-2154,302154,30,posição
CT-2155,302155,30,posição
CT-2156,302156,30,posição
CT-2157,302157,30,posição
CT-2158,272158,27,posição
CT-2159,302159,30,posição
CT-2160,272160,27,posição
CT-2161,272161,27,posição
CT-2162,302162,30,posição
CT-2163,302163,30,posição
CT-2164,302164,30,posição
CT-2165,302165,30,posição
CT-2166,302166,30,posição
CT-2167,302167,30,posição
CT-2168,192168,19,posição
CT-2169,192169,19,posição
CT-2170,302170,30,posição
CT-2171,302171,30,posição
CT-2172,302172,30,posição
CT-2173,302173,30,posição
CT-2174,302174,30,posição
CT-2175,302175,30,posição
CT-2176,302176,30,posição
CT-2177,302177,30,posição
CT-2178,302178,30,posição
CT-2179,302179,30,posição
CT-2180,302180,30,posição
CT-2181,302181,30,posição
CT-2182,302182,30,posição
CT-2183,302183,30,posição
CT-2184,302184,30,posição
CT-2185,302185,30,posição
CT-2186,302186,30,posição
CT-2187,302187,30,posição
CT-2188,302188,30,posição
CT-2189,302189,30,posição
CT-2190,132190,13,posição
CT-2191,302191,30,posição
CT-2192,192192,19,posição
CT-2193,192193,19,posição
CT-2194,192194,19,posição
CT-2195,222195,22,posição
CT-2196,192196,19,posição
CT-2197,222197,22,posição
CT-2198,222198,22,posição
CT-2199,222199,22,posição
CT-2200,332200,33,posição
CT-2201,332201,33,posição
CT-2202,332202,33,posição
CT-2203,142203,14,posição
CT-2204,332204,33,posição
CT-2205,332205,33,posição
CT-2206,332206,33,posição
CT-2207,332207,33,posição
CT-2208,172208,17,posição
CT-2209,172209,17,posição
CT-2210,172210,17,posição
CT-2211,222211,22,posição
CT-2212,282212,28,posição
CT-2213,282213,28,posição
CT-2214,202214,20,posição
CT-2215,202215,20,posição
CT-2216,172216,17,posição
CT-2217,142217,14,posição
CT-2218,172218,17,posição
CT-2219,202219,20,posição
CT-2220,382220,38,posição
CT-2221,382221,38,posição
CT-2222,182222,18,posição
CT-2223,272223,27,posição
CT-2224,352224,35,posição
CT-2225,352225,35,posição
CT-2226,272226,27,posição
CT-2227,272227,27,posição
CT-2228,272228,27,posição
CT-2229,192229,19,posição
CT-2230,192230,19,posição
CT-2231,192231,19,posição
CT-2232,332232,33,posição
CT-2233,332233,33,posição
CT-2234,332234,33,posição
CT-2235,332235,33,posição
CT-2236,132236,13,posição
CT-2237,132237,13,posição
CT-2238,302238,30,posição
CT-2239,302239,30,posição
CT-2240,302240,30,posição
CT-2241,302241,30,posição
CT-2242,132242,13,posição
CT-2243,132243,13,posição
CT-2244,222244,22,posição
CT-2245,332245,33,posição
CT-2246,222246,22,posição
CT-2247,302247,30,posição
CT-2248,302248,30,posição
CT-2249,302249,30,posição
CT-2250,222250,22,posição
CT-2251,112251,11,posição
CT-2252,302252,30,posição
CT-2253,302253,30,posição
CT-2254,162254,16,posição
CT-2255,162255,16,posição
CT-2256,162256,16,posição
CT-2257,142257,14,posição
CT-2258,162258,16,posição
CT-2259,332259,33,posição
CT-2260,302260,30,posição
CT-2261,302261,30,posição
CT-2262,192262,19,posição
CT-2263,172263,17,posição
CT-2264,172264,17,posição
CT-2265,252265,25,posição
CT-2266,252266,25,posição
CT-2267,192267,19,posição
CT-2268,362268,36,posição
CT-2269,222269,22,posição
CT-2270,222270,22,posição
CT-2271,112271,11,posição
CT-2272,142272,14,posição
CT-2273,142273,14,posição
CT-2274,142274,14,posição
CT-2275,332275,33,posição
CT-2276,332276,33,posição
CT-2277,332277,33,posição
CT-2278,222278,22,posição
CT-2279,302279,30,posição
CT-2280,302280,30,posição
CT-2281,302281,30,posição
CT-2282,302282,30,posição
CT-2283,302283,30,posição
CT-2284,332284,33,posição
CT-2285,332285,33,posição
CT-2286,332286,33,posição
CT-2287,332287,33,posição
CT-2288,332288,33,posição
CT-2289,302289,30,posição
CT-2290,302290,30,posição
CT-2291,302291,30,posição
CT-2292,192292,19,posição
CT-2293,192293,19,posição
CT-2294,192294,19,posição
CT-2295,192295,19,posição
CT-2296,192296,19,posição
CT-2297,192297,19,posição
CT-2298,302298,30,posição
CT-2299,302299,30,posição
CT-2300,332300,33,posição
CT-2301,332301,33,posição
CT-2302,332302,33,posição
CT-2303,222303,22,posição
CT-2304,222304,22,posição
CT-2305,222305,22,posição
CT-2306,222306,22,posição
CT-2307,112307,11,posição
CT-2308,282308,28,posição
CT-2309,282309,28,posição
CT-2310,112310,11,posição
CT-2311,112311,11,posição
CT-2312,112312,11,posição
CT-2313,112313,11,posição
CT-2314,222314,22,posição
CT-2315,332315,33,posição
CT-2316,332316,33,posição
CT-2317,332317,33,posição
CT-2318,332318,33,posição
CT-2319,192319,19,posição
CT-2320,252320,25,posição
CT-2321,282321,28,posição
CT-2322,172322,17,posição
CT-2323,282323,28,posição
CT-2324,172324,17,posição
CT-2325,172325,17,posição
CT-2326,302326,30,posição
CT-2327,252327,25,posição
CT-2328,272328,27,posição
CT-2329,352329,35,posição
CT-2330,142330,14,posição
CT-2331,222331,22,posição
CT-2332,192332,19,posição
CT-2333,272333,27,posição
CT-2334,382334,38,posição
CT-2335,382335,38,posição
CT-2336,382336,38,posição
CT-2337,382337,38,posição
CT-2338,352338,35,posição
CT-2339,362339,36,posição
CT-2340,222340,22,posição
CT-2341,172341,17,posição
CT-2342,362342,36,posição
CT-2343,112343,11,posição
CT-2344,112344,11,posição
CT-2345,112345,11,posição
CT-2346,312346,31,posição
CT-2347,212347,21,posição
CT-2348,212348,21,posição
CT-2349,192349,19,posição
CT-2350,362350,36,posição
CT-2351,362351,36,posição
CT-2352,192352,19,posição
CT-2353,192353,19,posição
CT-2354,192354,19,posição
CT-2355,362355,36,posição
CT-2356,362356,36,posição
CT-2357,192357,19,posição
CT-2358,192358,19,posição
CT-2359,192359,19,posição
CT-2360,192360,19,posição
CT-2361,192361,19,posição
CT-2362,192362,19,posição
CT-2363,192363,19,posição
CT-2364,192364,19,posição
CT-2365,192365,19,posição
CT-2366,302366,30,posição
CT-2367,302367,30,posição
CT-2368,192368,19,posição
CT-2369,192369,19,posição
CT-2370,192370,19,posição
CT-2371,192371,19,posição
CT-2372,192372,19,posição
CT-2373,192373,19,posição
CT-2374,192374,19,posição
CT-2375,192375,19,posição
CT-2376,302376,30,posição
CT-2377,302377,30,posição
CT-2378,302378,30,posição
CT-2379,302379,30,posição
CT-2380,192380,19,posição
CT-2381,192381,19,posição
CT-2382,192382,19,posição
CT-2383,362383,36,posição
CT-2384,362384,36,posição
CT-2385,112385,11,posição
CT-2386,112386,11,posição
CT-2387,112387,11,posição
CT-2388,362388,36,posição
CT-2389,362389,36,posição
CT-2390,192390,19,posição
CT-2391,192391,19,posição
CT-2392,192392,19,posição
CT-2393,192393,19,posição
CT-2394,192394,19,posição
CT-2395,192395,19,posição
CT-2396,192396,19,posição
CT-2397,192397,19,posição
CT-2398,362398,36,posição
CT-2399,362399,36,posição
CT-2400,362400,36,posição
CT-2401,362401,36,posição
CT-2402,362402,36,posição
CT-2403,362403,36,posição
CT-2404,362404,36,posição
CT-2405,362405,36,posição
CT-2406,362406,36,posição
CT-2407,362407,36,posição
CT-2408,362408,36,posição
CT-2409,362409,36,posição
CT-2410,362410,36,posição
CT-2411,362411,36,posição
CT-2412,192412,19,posição
CT-2413,192413,19,posição
CT-2414,192414,19,posição
CT-2415,222415,22,posição
CT-2416,192416,19,posição
CT-2417,192417,19,posição
CT-2418,192418,19,posição
CT-2419,192419,19,posição
CT-2420,192420,19,posição
CT-2421,192421,19,posição
CT-2422,112422,11,posição
CT-2423,112423,11,posição
CT-2424,112424,11,posição
CT-2425,112425,11,posição
CT-2426,362426,36,posição
CT-2427,362427,36,posição
CT-2428,362428,36,posição
CT-2429,362429,36,posição
CT-2430,362430,36,posição
CT-2431,362431,36,posição
CT-2432,362432,36,posição
CT-2433,362433,36,posição
CT-2434,362434,36,posição
CT-2435,362435,36,posição
CT-2436,362436,36,posição
CT-2437,192437,19,posição
CT-2438,362438,36,posição
CT-2439,362439,36,posição
CT-2440,192440,19,posição
CT-2441,362441,36,posição
CT-2442,192442,19,posição
CT-2443,192443,19,posição
CT-2444,192444,19,posição
CT-2445,362445,36,posição
CT-2446,362446,36,posição
CT-2447,222447,22,posição
CT-2448,222448,22,posição
CT-2449,222449,22,posição
CT-2450,272450,27,posição
CT-2451,162451,16,posição
CT-2452,132452,13,posição
CT-2453,132453,13,posição
CT-2454,272454,27,posição
CT-2455,182455,18,posição
CT-2456,162456,16,posição
CT-2457,162457,16,posição
CT-2458,272458,27,posição
CT-2459,272459,27,posição
CT-2460,272460,27,posição
CT-2461,272461,27,posição
CT-2462,272462,27,posição
CT-2463,272463,27,posição
CT-2464,272464,27,posição
CT-2465,132465,13,posição
CT-2466,302466,30,posição
CT-2467,272467,27,posição
CT-2468,302468,30,posição
CT-2469,162469,16,posição
CT-2470,162470,16,posição
CT-2471,362471,36,posição
CT-2472,162472,16,posição
CT-2473,162473,16,posição
CT-2474,162474,16,posição
CT-2475,192475,19,posição
CT-2476,162476,16,posição
CT-2477,162477,16,posição
CT-2478,332478,33,posição
CT-2479,332479,33,posição
CT-2480,192480,19,posição
CT-2481,162481,16,posição
CT-2482,162482,16,posição
CT-2483,162483,16,posição
CT-2484,162484,16,posição
CT-2485,162485,16,posição
CT-2486,162486,16,posição
CT-2487,162487,16,posição
CT-2488,272488,27,posição
CT-2489,272489,27,posição
CT-2490,272490,27,posição
CT-2491,272491,27,posição
CT-2492,272492,27,posição
CT-2493,272493,27,posição
CT-2494,272494,27,posição
CT-2495,272495,27,posição
CT-2496,272496,27,posição
CT-2497,272497,27,posição
CT-2498,162498,16,posição
CT-2499,192499,19,posição
CT-2500,272500,27,posição
CT-2501,162501,16,posição
CT-2502,162502,16,posição
CT-2503,162503,16,posição
CT-2504,272504,27,posição
CT-2505,272505,27,posição
CT-2506,272506,27,posição
CT-2507,162507,16,posição
CT-2508,272508,27,posição
CT-2509,132509,13,posição
CT-2510,272510,27,posição
CT-2511,132511,13,posição
CT-2512,382512,38,posição
CT-2513,302513,30,posição
CT-2514,302514,30,posição
CT-2515,332515,33,posição
CT-2516,352516,35,posição
CT-2517,382517,38,posição
CT-2518,382518,38,posição
CT-2519,362519,36,posição
CT-2520,332520,33,posição
CT-2521,332521,33,posição
CT-2522,332522,33,posição
CT-2523,332523,33,posição
CT-2524,332524,33,posição
CT-2525,332525,33,posição
CT-2526,332526,33,posição
CT-2527,332527,33,posição
CT-2528,332528,33,posição
CT-2529,332529,33,posição
CT-2530,362530,36,posição
CT-2531,172531,17,posição
CT-2532,172532,17,posição
CT-2533,202533,20,posição
CT-2534,202534,20,posição
CT-2535,172535,17,posição
CT-2536,172536,17,posição
CT-2537,172537,17,posição
CT-2538,172538,17,posição
CT-2539,172539,17,posição
CT-2540,142540,14,posição
CT-2541,142541,14,posição
CT-2542,142542,14,posição
CT-2543,222543,22,posição
CT-2544,332544,33,posição
CT-2545,222545,22,posição
CT-2546,112546,11,posição
CT-2547,112547,11,posição
CT-2548,112548,11,posição
CT-2549,222549,22,posição
CT-2550,222550,22,posição
CT-2551,112551,11,posição
CT-2552,312552,31,posição
CT-2553,342553,34,posição
CT-2554,342554,34,posição
CT-2555,172555,17,posição
CT-2556,172556,17,posição
CT-2557,142557,14,posição
CT-2558,142558,14,posição
CT-2559,142559,14,posição
CT-2560,302560,30,posição
CT-2561,272561,27,posição
CT-2562,272562,27,posição
CT-2563,272563,27,posição
CT-2564,242564,24,posição
CT-2565,242565,24,posição
CT-2566,242566,24,posição
CT-2567,352567,35,posição
CT-2568,242568,24,posição
CT-2569,352569,35,posição
CT-2570,352570,35,posição
CT-2571,352571,35,posição
CT-2572,242572,24,posição
CT-2573,272573,27,posição
CT-2574,272574,27,posição
CT-2575,302575,30,posição
CT-2576,382576,38,posição
CT-2577,132577,13,posição
CT-2578,242578,24,posição
CT-2579,242579,24,posição
CT-2580,382580,38,posição
CT-2581,242581,24,posição
CT-2582,322582,32,posição
CT-2583,132583,13,posição
CT-2584,342584,34,posição
CT-2585,172585,17,posição
CT-2586,202586,20,posição
CT-2587,312587,31,posição
CT-2588,312588,31,posição
CT-2589,352589,35,posição
CT-2590,352590,35,posição
CT-2591,352591,35,posição
CT-2592,352592,35,posição
CT-2593,352593,35,posição
CT-2594,222594,22,posição
CT-2595,302595,30,posição
CT-2596,302596,30,posição
CT-2597,332597,33,posição
CT-2598,332598,33,posição
CT-2599,332599,33,posição
CT-2600,332600,33,posição
CT-2601,332601,33,posição
CT-2602,362602,36,posição
CT-2603,192603,19,posição
CT-2604,142604,14,posição
CT-2605,142605,14,posição
CT-2606,142606,14,posição
CT-2607,302607,30,posição
CT-2608,302608,30,posição
CT-2609,332609,33,posição
CT-2610,302610,30,posição
CT-2611,112611,11,posição
CT-2612,222612,22,posição
CT-2613,222613,22,posição
CT-2614,382614,38,posição
CT-2615,382615,38,posição
CT-2616,302616,30,posição
CT-2617,222617,22,posição
CT-2618,222618,22,posição
CT-2619,222619,22,posição
CT-2620,222620,22,posição
CT-2621,222621,22,posição
CT-2622,192622,19,posição
CT-2623,302623,30,posição
CT-2624,302624,30,posição
CT-2625,332625,33,posição
CT-2626,332626,33,posição
CT-2627,332627,33,posição
CT-2628,192628,19,posição
CT-2629,192629,19,posição
CT-2630,152630,15,posição
CT-2631,332631,33,posição
CT-2632,362632,36,posição
CT-2633,332633,33,posição
CT-2634,222634,22,posição
CT-2635,272635,27,posição
CT-2636,342636,34,posição
CT-2637,342637,34,posição
CT-2638,172638,17,posição
CT-2639,172639,17,posição
CT-2640,252640,25,posição
CT-2641,172641,17,posição
CT-2642,142642,14,posição
CT-2643,172643,17,posição
CT-2644,172644,17,posição
CT-2645,172645,17,posição
CT-2646,172646,17,posição
CT-2647,142647,14,posição
CT-2648,312648,31,posição
CT-2649,142649,14,posição
CT-2650,342650,34,posição
CT-2651,202651,20,posição
CT-2652,202652,20,posição
CT-2653,252653,25,posição
CT-2654,252654,25,posição
CT-2655,302655,30,posição
CT-2656,222656,22,posição
CT-2657,332657,33,posição
CT-2658,222658,22,posição
CT-2659,222659,22,posição
CT-2660,222660,22,posição
CT-2661,222661,22,posição
CT-2662,222662,22,posição
CT-2663,222663,22,posição
CT-2664,192664,19,posição
CT-2665,112665,11,posição
CT-2666,222666,22,posição
CT-2667,222667,22,posição
CT-2668,112668,11,posição
CT-2669,112669,11,posição
CT-2670,312670,31,posição
CT-2671,312671,31,posição
CT-2672,222672,22,posição
CT-2673,222673,22,posição
CT-2674,252674,25,posição
CT-2675,222675,22,posição
CT-2676,252676,25,posição
CT-2677,142677,14,posição
CT-2678,252678,25,posição
CT-2679,252679,25,posição
CT-2680,142680,14,posição
CT-2681,142681,14,posição
CT-2682,332682,33,posição
CT-2683,332683,33,posição
CT-2684,362684,36,posição
CT-2685,192685,19,posição
CT-2686,192686,19,posição
CT-2687,192687,19,posição
CT-2688,382688,38,posição
CT-2689,112689,11,posição
CT-2690,222690,22,posição
CT-2691,222691,22,posição
CT-2692,222692,22,posição
CT-2693,222693,22,posição
CT-2694,222694,22,posição
CT-2695,222695,22,posição
CT-2696,222696,22,posição
CT-2697,182697,18,posição
CT-2698,302698,30,posição
CT-2699,302699,30,posição
CT-2700,302700,30,posição
CT-2701,332701,33,posição
CT-2702,222702,22,posição
CT-2703,332703,33,posição
CT-2704,332704,33,posição
CT-2705,272705,27,posição
CT-2706,272706,27,posição
CT-2707,332707,33,posição
CT-2708,352708,35,posição
CT-2709,352709,35,posição
CT-2710,272710,27,posição
CT-2711,272711,27,posição
CT-2712,272712,27,posição
CT-2713,282713,28,posição
CT-2714,112714,11,posição
CT-2715,362715,36,posição
CT-2716,112716,11,posição
CT-2717,252717,25,posição
CT-2718,112718,11,posição
CT-2719,222719,22,posição
CT-2720,332720,33,posição
CT-2721,192721,19,posição
CT-2722,222722,22,posição
CT-2723,222723,22,posição
CT-2724,362724,36,posição
CT-2725,192725,19,posição
CT-2726,332726,33,posição
CT-2727,332727,33,posição
CT-2728,332728,33,posição
CT-2729,192729,19,posição
CT-2730,192730,19,posição
CT-2731,282731,28,posição
CT-2732,152732,15,posição
CT-2733,352733,35,posição
CT-2734,112734,11,posição
CT-2735,342735,34,posição
CT-2736,222736,22,posição
CT-2737,362737,36,posição
CT-2738,252738,25,posição
CT-2739,252739,25,posição
CT-2740,362740,36,posição
CT-2741,222741,22,posição
CT-2742,242742,24,posição
CT-2743,242743,24,posição
CT-2744,132744,13,posição
CT-2745,142745,14,posição
CT-2746,112746,11,posição
CT-2747,142747,14,posição
CT-2748,142748,14,posição
CT-2749,142749,14,posição
CT-2750,242750,24,posição
CT-2751,382751,38,posição
CT-2752,302752,30,posição
CT-2753,192753,19,posição
CT-2754,212754,21,posição
CT-2755,302755,30,posição
CT-2756,302756,30,posição
CT-2757,272757,27,posição
CT-2758,192758,19,posição
CT-2759,302759,30,posição
CT-2760,272760,27,posição
CT-2761,212761,21,posição
CT-2762,192762,19,posição
CT-2763,222763,22,posição
CT-2764,192764,19,posição
CT-2765,192765,19,posição
CT-2766,112766,11,posição
CT-2767,112767,11,posição
CT-2768,222768,22,posição
CT-2769,192769,19,posição
CT-2770,362770,36,posição
CT-2771,112771,11,posição
CT-2772,192772,19,posição
CT-2773,302773,30,posição
CT-2774,362774,36,posição
CT-2775,362775,36,posição
CT-2776,362776,36,posição
CT-2777,362777,36,posição
CT-2778,362778,36,posição
CT-2779,362779,36,posição
CT-2780,362780,36,posição
CT-2781,222781,22,posição
CT-2782,222782,22,posição
CT-2783,222783,22,posição
CT-2784,222784,22,posição
CT-2785,332785,33,posição
CT-2786,362786,36,posição
CT-2787,222787,22,posição
CT-2788,252788,25,posição
CT-2789,222789,22,posição
CT-2790,172790,17,posição
CT-2791,202791,20,posição
CT-2792,252792,25,posição
CT-2793,142793,14,posição
CT-2794,142794,14,posição
CT-2795,142795,14,posição
CT-2796,252796,25,posição
CT-2797,282797,28,posição
CT-2798,252798,25,posição
CT-2799,142799,14,posição
CT-2800,252800,25,posição
CT-2801,222801,22,posição
CT-2802,222802,22,posição
CT-2803,222803,22,posição
CT-2804,222804,22,posição
CT-2805,222805,22,posição
CT-2806,222806,22,posição
CT-2807,222807,22,posição
CT-2808,222808,22,posição
CT-2809,222809,22,posição
CT-2810,222810,22,posição
CT-2811,222811,22,posição
CT-2812,222812,22,posição
CT-2813,222813,22,posição
CT-2814,332814,33,posição
CT-2815,332815,33,posição
CT-2816,362816,36,posição
CT-2817,362817,36,posição
CT-2818,362818,36,posição
CT-2819,362819,36,posição
CT-2820,222820,22,posição
CT-2821,272821,27,posição
CT-2822,272822,27,posição
CT-2823,272823,27,posição
CT-2824,272824,27,posição
CT-2825,182825,18,posição
CT-2826,182826,18,posição
CT-2827,212827,21,posição
CT-2828,382828,38,posição
CT-2829,332829,33,posição
CT-2830,322830,32,posição
CT-2831,362831,36,posição
CT-2832,302832,30,posição
CT-2833,222833,22,posição
CT-2834,362834,36,posição
CT-2835,142835,14,posição
CT-2836,142836,14,posição
CT-2837,142837,14,posição
CT-2838,142838,14,posição
CT-2839,222839,22,posição
CT-2840,222840,22,posição
CT-2841,222841,22,posição
CT-2842,332842,33,posição
CT-2843,302843,30,posição
CT-2844,302844,30,posição
CT-2845,222845,22,posição
CT-2846,222846,22,posição
CT-2847,112847,11,posição
CT-2848,272848,27,posição
CT-2849,252849,25,posição
CT-2850,112850,11,posição
CT-2851,112851,11,posição
CT-2852,332852,33,posição
CT-2853,362853,36,posição
CT-2854,132854,13,posição
CT-2855,162855,16,posição
CT-2856,192856,19,posição
CT-2857,192857,19,posição
CT-2858,192858,19,posição
CT-2859,132859,13,posição
CT-2860,192860,19,posição
CT-2861,192861,19,posição
CT-2862,302862,30,posição
CT-2863,192863,19,posição
CT-2864,192864,19,posição
CT-2865,152865,15,posição
CT-2866,352866,35,posição
CT-2867,352867,35,posição
CT-2868,212868,21,posição
CT-2869,152869,15,posição
CT-2870,342870,34,posição
CT-2871,112871,11,posição
CT-2872,282872,28,posição
CT-2873,362873,36,posição
CT-2874,362874,36,posição
CT-2875,272875,27,posição
CT-2876,272876,27,posição
CT-2877,152877,15,posição
CT-2878,182878,18,posição
CT-2879,152879,15,posição
CT-2880,352880,35,posição
CT-2881,352881,35,posição
CT-2882,352882,35,posição
CT-2883,352883,35,posição
CT-2884,352884,35,posição
CT-2885,352885,35,posição
CT-2886,352886,35,posição
CT-2887,352887,35,posição
CT-2888,182888,18,posição
CT-2889,292889,29,posição
CT-2890,112890,11,posição
CT-2891,112891,11,posição
CT-2892,312892,31,posição
CT-2893,312893,31,posição
CT-2894,142894,14,posição
CT-2895,112895,11,posição
CT-2896,142896,14,posição
CT-2897,112897,11,posição
CT-2898,192898,19,posição
CT-2899,192899,19,posição
CT-2900,192900,19,posição
CT-2901,332901,33,posição
CT-2902,142902,14,posição
CT-2903,272903,27,posição
CT-2904,112904,11,posição
CT-2905,242905,24,posição
CT-2906,162906,16,posição
CT-2907,242907,24,posição
CT-2908,242908,24,posição
CT-2909,242909,24,posição
CT-2910,242910,24,posição
CT-2911,272911,27,posição
CT-2912,272912,27,posição
CT-2913,272913,27,posição
CT-2914,272914,27,posição
CT-2915,272915,27,posição
CT-2916,342916,34,posição
CT-2917,172917,17,posição
CT-2918,172918,17,posição
CT-2919,342919,34,posição
CT-2920,362920,36,posição
CT-2921,192921,19,posição
CT-2922,332922,33,posição
CT-2923,132923,13,posição
CT-2924,222924,22,posição
CT-2925,292925,29,posição
CT-2926,362926,36,posição
CT-2927,302927,30,posição
CT-2928,132928,13,posição
CT-2929,272929,27,posição
CT-2930,272930,27,posição
CT-2931,132931,13,posição
CT-2932,272932,27,posição
CT-2933,222933,22,posição
CT-2934,302934,30,posição
CT-2935,302935,30,posição
CT-2936,302936,30,posição
CT-2937,302937,30,posição
CT-2938,302938,30,posição
CT-2939,192939,19,posição
CT-2940,192940,19,posição
CT-2941,302941,30,posição
CT-2942,182942,18,posição
CT-2943,212943,21,posição
CT-2944,282944,28,posição
CT-2945,112945,11,posição
CT-2946,242946,24,posição
CT-2947,112947,11,posição
CT-2948,212948,21,posição
CT-2949,212949,21,posição
CT-2950,212950,21,posição
CT-2951,182951,18,posição
CT-2952,192952,19,posição
CT-2953,352953,35,posição
CT-2954,272954,27,posição
CT-2955,382955,38,posição
CT-2956,352956,35,posição
CT-2957,352957,35,posição
CT-2958,182958,18,posição
CT-2959,192959,19,posição
CT-2960,202960,20,posição
CT-2961,192961,19,posição
CT-2962,112962,11,posição
CT-2963,162963,16,posição
CT-2964,162964,16,posição
CT-2965,182965,18,posição
CT-2966,382966,38,posição
CT-2967,362967,36,posição
CT-2968,192968,19,posição
CT-2969,192969,19,posição
CT-2970,192970,19,posição
CT-2971,192971,19,posição
CT-2972,222972,22,posição
CT-2973,172973,17,posição
CT-2974,192974,19,posição
CT-2975,132975,13,posição
CT-2976,352976,35,posição
CT-2977,192977,19,posição
CT-2978,192978,19,posição
CT-2979,332979,33,posição
CT-2980,362980,36,posição
CT-2981,302981,30,posição
CT-2982,132982,13,posição
CT-2983,222983,22,posição
CT-2984,272984,27,posição
CT-2985,332985,33,posição
CT-2986,362986,36,posição
CT-2987,272987,27,posição
CT-2988,362988,36,posição
CT-2989,362989,36,posição
CT-2990,352990,35,posição
CT-2991,192991,19,posição
CT-2992,192992,19,posição
CT-2993,192993,19,posição
CT-2994,302994,30,posição
CT-2995,222995,22,posição
CT-2996,332996,33,posição
CT-2997,142997,14,posição
CT-2998,192998,19,posição
CT-2999,252999,25,posição
CT-3000,293000,29,posição
CT-3001,193001,19,posição
CT-3002,193002,19,posição
CT-3003,193003,19,posição
CT-3004,193004,19,posição
CT-3005,193005,19,posição
CT-3006,193006,19,posição
CT-3007,193007,19,posição
CT-3008,193008,19,posição
CT-3009,113009,11,posição
CT-3010,193010,19,posição
CT-3011,223011,22,posição
CT-3012,193012,19,posição
CT-3013,113013,11,posição
CT-3014,113014,11,posição
CT-3015,363015,36,posição
CT-3016,283016,28,posição
CT-3017,363017,36,posição
CT-3018,223018,22,posição
CT-3019,223019,22,posição
CT-3020,223020,22,posição
CT-3021,223021,22,posição
CT-3022,303022,30,posição
CT-3023,303023,30,posição
CT-3024,353024,35,posição
CT-3025,333025,33,posição
CT-3026,243026,24,posição
CT-3027,303027,30,posição
CT-3028,303028,30,posição
CT-3029,283029,28,posição
CT-3030,193030,19,posição
CT-3031,303031,30,posição
CT-3032,143032,14,posição
CT-3033,173033,17,posição
CT-3034,303034,30,posição
CT-3035,113035,11,posição
CT-3036,113036,11,posição
CT-3037,303037,30,posição
CT-3038,303038,30,posição
CT-3039,193039,19,posição
CT-3040,283040,28,posição
CT-3041,193041,19,posição
CT-3042,253042,25,posição
CT-3043,303043,30,posição
CT-3044,303044,30,posição
CT-3045,303045,30,posição
CT-3046,193046,19,posição
CT-3047,193047,19,posição
CT-3048,193048,19,posição
CT-3049,193049,19,posição
CT-3050,193050,19,posição
CT-3051,193051,19,posição
CT-3052,163052,16,posição
CT-3053,273053,27,posição
CT-3054,163054,16,posição
CT-3055,303055,30,posição
CT-3056,303056,30,posição
CT-3057,303057,30,posição
CT-3058,303058,30,posição
CT-3059,383059,38,posição
CT-3060,213060,21,posição
CT-3061,293061,29,posição
CT-3062,303062,30,posição
CT-3063,113063,11,posição
CT-3064,133064,13,posição
CT-3065,223065,22,posição
CT-3066,193066,19,posição
CT-3067,223067,22,posição
CT-3068,223068,22,posição
CT-3069,193069,19,posição
CT-3070,113070,11,posição
CT-3071,293071,29,posição
CT-3072,243072,24,posição
CT-3073,133073,13,posição
CT-3100,283100,28,posição
CT-3101,253101,25,posição
CT-3102,363102,36,posição
CT-3103,143103,14,posição
CT-3104,363104,36,posição
CT-3105,253105,25,posição
CT-3106,253106,25,posição
CT-3107,363107,36,posição
CT-3108,293108,29,posição
CT-3109,253109,25,posição
CT-3110,253110,25,posição
CT-3111,253111,25,posição
CT-3112,253112,25,posição
CT-3113,363113,36,posição
CT-3114,253114,25,posição
CT-3115,253115,25,posição
CT-3116,253116,25,posição
CT-3117,253117,25,posição
CT-3118,253118,25,posição
CT-3119,253119,25,posição
CT-3120,193120,19,posição
CT-3121,253121,25,posição
CT-3122,253122,25,posição
CT-3123,253123,25,posição
CT-3124,363124,36,posição
CT-3125,253125,25,posição
CT-3126,253126,25,posição
CT-3127,253127,25,posição
CT-3128,253128,25,posição
CT-3129,253129,25,posição
CT-3130,193130,19,posição
CT-3131,253131,25,posição
CT-3132,253132,25,posição
CT-3133,253133,25,posição
CT-3134,253134,25,posição
CT-3135,253135,25,posição
CT-3136,253136,25,posição
CT-3137,223137,22,posição
CT-3138,223138,22,posição
CT-3139,223139,22,posição
CT-3140,223140,22,posição
CT-3141,223141,22,posição
CT-3142,223142,22,posição
CT-3143,223143,22,posição
CT-3144,223144,22,posição
CT-3145,223145,22,posição
CT-3146,223146,22,posição
CT-3147,223147,22,posição
CT-3148,223148,22,posição
CT-3149,223149,22,posição
CT-3150,223150,22,posição
CT-3151,223151,22,posição
CT-3152,223152,22,posição
CT-3153,223153,22,posição
CT-3154,223154,22,posição
CT-3155,223155,22,posição
CT-3156,223156,22,posição
CT-3157,223157,22,posição
CT-3158,223158,22,posição
CT-3159,223159,22,posição
CT-3160,223160,22,posição
CT-3161,223161,22,posição
CT-3162,223162,22,posição
CT-3163,223163,22,posição
CT-3164,223164,22,posição
CT-3165,223165,22,posição
CT-3166,223166,22,posição
CT-3167,223167,22,posição
CT-3168,223168,22,posição
CT-3169,223169,22,posição
CT-3170,223170,22,posição
CT-3171,223171,22,posição
CT-3172,223172,22,posição
CT-3173,223173,22,posição
CT-3174,223174,22,posição
CT-3175,223175,22,posição
CT-3176,223176,22,posição
CT-3177,223177,22,posição
CT-3178,223178,22,posição
CT-3179,223179,22,posição
CT-3180,223180,22,posição
CT-3181,223181,22,posição
CT-3182,223182,22,posição
CT-3183,113183,11,posição
CT-3184,113184,11,posição
CT-3185,223185,22,posição
CT-3186,223186,22,posição
CT-3187,223187,22,posição
CT-3188,163188,16,posição
CT-3189,223189,22,posição
CT-3190,223190,22,posição
CT-3191,333191,33,posição
CT-3192,223192,22,posição
CT-3193,223193,22,posição
CT-3194,333194,33,posição
CT-3195,193195,19,posição
CT-3196,193196,19,posição
CT-3197,133197,13,posição
CT-3198,303198,30,posição
CT-3199,193199,19,posição
CT-3200,303200,30,posição
CT-3201,303201,30,posição
CT-3202,303202,30,posição
CT-3203,303203,30,posição
CT-3204,303204,30,posição
CT-3205,303205,30,posição
CT-3206,303206,30,posição
CT-3207,303207,30,posição
CT-3208,303208,30,posição
CT-3209,303209,30,posição
CT-3210,303210,30,posição
CT-3211,303211,30,posição
CT-3212,133212,13,posição
CT-3213,303213,30,posição
CT-3214,133214,13,posição
CT-3215,303215,30,posição
CT-3216,133216,13,posição
CT-3217,133217,13,posição
CT-3218,383218,38,posição
CT-3219,383219,38,posição
CT-4500,314500,31,número (sem posição)
CT-T2728,232728,23,número (sem posição)
CT-T7696,197696,19,posição
CT-T7721,327721,32,número (sem posição)
CT-T8577,198577,19,posição
CT-T8602,178602,17,número (sem posição)
CT-T9128,259128,25,posição
CT-TESTE-01,339001,33,posição
CT-TESTE-02,339002,33,posição
CT-TESTE-03,339003,33,posição
CT-TESTE-04,339004,33,posição
